Postion, Comapny, Location, URL
[보충역] 웹 서비스 개발자의 전체 세부 정보,엠에이치엔씨티,서울 성동구,https://kr.indeed.com/rc/clk?jk=9c17de7acd730754&fccid=fe074a6c94d8a440&vjs=3
[NHN Cloud] 웹 프론트엔드 개발의 전체 세부 정보,엔에이치엔클라우드,성남 분당구,https://kr.indeed.com/rc/clk?jk=40b2a7e3accd0724&fccid=541d24c36c844d01&vjs=3
[라이브본부] 게임웹 서비스 UI 개발자 (프론트엔드)의 전체 세부 정보,Nexon,경기도 성남,https://kr.indeed.com/rc/clk?jk=891024a7a224522a&fccid=aba87288e4cc3687&vjs=3
Web 프론트엔드 개발자의 전체 세부 정보,안랩,성남 분당구,https://kr.indeed.com/rc/clk?jk=33aa71377ca91560&fccid=0b88b2af6686dd2b&vjs=3
[기술본부] 웹 프론트엔드 개발자의 전체 세부 정보,Nexon,경기도 성남,https://kr.indeed.com/rc/clk?jk=e28576318aafa1b8&fccid=aba87288e4cc3687&vjs=3
[인텔리전스랩스] 게임 이상탐지 백엔드 개발자 (Go)의 전체 세부 정보,Nexon,경기도 성남,https://kr.indeed.com/rc/clk?jk=4c63be91baa619af&fccid=aba87288e4cc3687&vjs=3
[공간 예약 플랫폼 사라바] Front-end developer (Vue)의 전체 세부 정보,스너그스튜디오,서울 강남구,https://kr.indeed.com/rc/clk?jk=db71bc6b1f7079b0&fccid=ce1a4d1be11b38aa&vjs=3
웹개발자(Java React  Vue  api)  포항 광양 근무가능의 전체 세부 정보,네이처아이,포항 남구,https://kr.indeed.com/rc/clk?jk=fdabd9a6198d9699&fccid=4a45c004143471f1&vjs=3
JR0192526 SW engineer intern의 전체 세부 정보,인텔코리아,서울,https://kr.indeed.com/rc/clk?jk=83f4939522ffaa68&fccid=ded06d6a6799d929&vjs=3
자사 솔루션 웹 프론트엔드 개발 자 (신입/경력)의 전체 세부 정보,엔에스원소프트,서울 강남구,https://kr.indeed.com/rc/clk?jk=66a95d19c2a0dfa6&fccid=4cb5f3678194f0b7&vjs=3
Frontend 개발자의 전체 세부 정보,플리토,서울 강남구,https://kr.indeed.com/rc/clk?jk=cb85566aedd4d1cf&fccid=01aed038bcce2a5f&vjs=3
css  웹퍼블리셔(HTML코딩) 외 경력 정규직의 전체 세부 정보,에이피서비스,서울 강남구,https://kr.indeed.com/rc/clk?jk=2dbe4c7e2066d839&fccid=561d63cf81871305&vjs=3
Publisher(퍼블리셔) 영입의 전체 세부 정보,핀크,서울 중구,https://kr.indeed.com/rc/clk?jk=886902ec00ca05fa&fccid=1454b55460a78093&vjs=3
프론트엔드 / 앱 개발자의 전체 세부 정보,프리시젼바이오㈜,서울 서초구,https://kr.indeed.com/rc/clk?jk=e7fddd88d927c86b&fccid=9cb2e00a46fd0c2e&vjs=3
[신입/경력] 프론트엔드 개발 (html외2 부문 정규직 모집의 전체 세부 정보,(주)원더온 관심기업,서울 성수동1가,https://kr.indeed.com/rc/clk?jk=56e6e827298d33b6&fccid=62a316a4088ad7de&vjs=3
[보안 솔루션] Front / Back End 개발 신입/경력 정규직  계약직  병역특례의 전체 세부 정보,인더포레스트,서울 강남구,https://kr.indeed.com/rc/clk?jk=2164adcdb3928d87&fccid=ce9fe2ef8b14b631&vjs=3
[OVERDARE] Data Engineer (경력무관)의 전체 세부 정보,KRAFTON,서울,https://kr.indeed.com/rc/clk?jk=d3c2fd623ac7b85e&fccid=71c5bb3a87fe9ecf&vjs=3
Front-End Developer의 전체 세부 정보,디자인피버,서울 마포구,https://kr.indeed.com/rc/clk?jk=991e59ba11d21d37&fccid=7c7d217ff9e9275f&vjs=3
Vue 프론트엔드 개발 및 외주 관리자의 전체 세부 정보,부동산일일사,서울 서초구,https://kr.indeed.com/rc/clk?jk=ff5bcfe45b84d01a&fccid=6aefef11451c23ac&vjs=3
MLOps Engineer의 전체 세부 정보,BOEING,서울,https://kr.indeed.com/rc/clk?jk=8a5f2479aff6ccfa&fccid=edae4285faf6c2f0&vjs=3
국내 대기업 계열사 - 퍼블리셔(대리과장급)의 전체 세부 정보,라피플코리아리미티드,서울,https://kr.indeed.com/rc/clk?jk=a4880e1288c2a126&fccid=28f5722fca6f5b12&vjs=3
[SDV] Frontend Engineer for Mobility[연구원  책임연구원]의 전체 세부 정보,현대자동차그룹,서울 강남구,https://kr.indeed.com/rc/clk?jk=4596fb436d4eb38d&fccid=980d6ecc399a3373&vjs=3
[인텔리전스랩스] 게임 이상탐지 백엔드 개발자 (Java)의 전체 세부 정보,Nexon,경기도 성남,https://kr.indeed.com/rc/clk?jk=4ce79aa71969b913&fccid=aba87288e4cc3687&vjs=3
[경력]웹개발자  JavaScript  Vu.js의 전체 세부 정보,코이노,서울 강서구,https://kr.indeed.com/rc/clk?jk=0b9048b5122e980e&fccid=1988dce9b5e6ed6e&vjs=3
[기업부설 연구소] 웹 프론트엔드 개발자의 전체 세부 정보,아론티어,서울 서초구,https://kr.indeed.com/rc/clk?jk=d6dcfed0ea2f2428&fccid=f7ee2929fe1b59a8&vjs=3
국내 대기업 계열사 - 웹퍼블리셔(대리과장급)의 전체 세부 정보,라피플코리아리미티드,서울,https://kr.indeed.com/rc/clk?jk=a3c18f21582ed2b4&fccid=28f5722fca6f5b12&vjs=3
국내 대기업 금융권 추천 - Native Android 개발자의 전체 세부 정보,에스씨지코퍼레이션,서울 종로구,https://kr.indeed.com/rc/clk?jk=cda07aa4a3771f40&fccid=09943408bdd78604&vjs=3
Senior Staff  Front-end Engineer(Butter)의 전체 세부 정보,Coupang,서울,https://kr.indeed.com/rc/clk?jk=be1cb3397456c9e5&fccid=56e12959d04ef145&vjs=3
웹  서버 개발자 영입의 전체 세부 정보,핀크,서울 중구,https://kr.indeed.com/rc/clk?jk=49d12e50bb3d706b&fccid=1454b55460a78093&vjs=3
회사와 함께 성장해 나갈 개발자분 환영의 전체 세부 정보,주식회사비알오,서울 서초구,https://kr.indeed.com/rc/clk?jk=ba48c151efe46466&fccid=761df0303d945319&vjs=3
[PUBG STUDIOS] Anti-Cheat Platform Engineer (3년 이상)의 전체 세부 정보,PUBG STUDIOS,서울,https://kr.indeed.com/rc/clk?jk=62eaedc15c4510e9&fccid=051dea12fa886be2&vjs=3
국내 대기업 - Web frontend 개발 경력자의 전체 세부 정보,라피플코리아리미티드,서울,https://kr.indeed.com/rc/clk?jk=1f08ce671e4cb41e&fccid=28f5722fca6f5b12&vjs=3
채용연계형 인턴 및 경력직 모집의 전체 세부 정보,신도리코,서울 성수동2가,https://kr.indeed.com/rc/clk?jk=920781ccbe883b78&fccid=61a24512aeb99707&vjs=3
[다름] 웹퍼블리셔 정규직의 전체 세부 정보,다름,서울 금천구,https://kr.indeed.com/rc/clk?jk=e281b258d5c20f72&fccid=76c4a87bab7035e4&vjs=3
웹디자인가능한 퍼블리셔의 전체 세부 정보,맥스폼,서울 강서구,https://kr.indeed.com/rc/clk?jk=53dc1e104292e70d&fccid=9e2a6fcdf21ef4ca&vjs=3
보안 프로그램 개발/운영 채용의 전체 세부 정보,SK쉴더스,성남 분당구,https://kr.indeed.com/rc/clk?jk=23e91fe834bc2de8&fccid=da9ade8fadbe3493&vjs=3
프론트엔드개발자의 전체 세부 정보,엠서클,서울 삼성동,https://kr.indeed.com/rc/clk?jk=5dd6fdaf61e11692&fccid=17e755bdb1dbd573&vjs=3
(주)요일-웹퍼블리셔의 전체 세부 정보,요일(YOIL Co.  Ltd.),서울 강남구,https://kr.indeed.com/rc/clk?jk=906eaefcee23c035&fccid=dd616958bd9ddc12&vjs=3
Java 웹 개발 신입/경력/PM의 전체 세부 정보,시큐어비즈,서울 중랑구,https://kr.indeed.com/rc/clk?jk=45b3d241e3f0ce1a&fccid=5f63f5e3dfd5fc9d&vjs=3
중견기업 자회사 핀테크 스타트업 프론트개발의 전체 세부 정보,경연파트너스,서울,https://kr.indeed.com/rc/clk?jk=14a02c1644d01baf&fccid=0f76eb1d9acd6c10&vjs=3
개발자(프론트엔드/백엔드) 정규직 신입/경력자를 모십니다.의 전체 세부 정보,아토즈소프트 관심기업,서울 성수동2가,https://kr.indeed.com/rc/clk?jk=c6846f4abf3d57cb&fccid=3401aed56a2304e2&vjs=3
"누구나 쉽게 부동산 직거래" 피터팬 좋은방 구하기 프론트엔드 개발자의 전체 세부 정보,두꺼비세상,서울 구로동,https://kr.indeed.com/rc/clk?jk=975259dc9b8525c4&fccid=ea12090191e73594&vjs=3
[ICT] Frontend Developer[매니저(G2)  책임매니저(G3)]의 전체 세부 정보,현대자동차그룹,서울 양재역,https://kr.indeed.com/rc/clk?jk=ad22068e94a52e63&fccid=980d6ecc399a3373&vjs=3
핸즈 개발자(Nodejs  Vuejs  NativeScriptVue  C#  WPF)의 전체 세부 정보,핸즈,성남 수내동,https://kr.indeed.com/rc/clk?jk=8ed1efaf7b652197&fccid=11b2bb0b3fda1f20&vjs=3
23년 11월 비상교육 IT직무 수시채용(경력)의 전체 세부 정보,비상교육,대한민국,https://kr.indeed.com/rc/clk?jk=23e8ce2c5833145e&fccid=b787a1d701399504&vjs=3
프론트엔드 엔지니어 (웹 퍼블리셔)의 전체 세부 정보,주식회사 세이브앤코 관심기업,서울 신사동,https://kr.indeed.com/rc/clk?jk=fe4a032d6ed06615&fccid=a54ae361226a74bd&vjs=3
Web Frontend Engineer (Hakuna)의 전체 세부 정보,Match Group,서울,https://kr.indeed.com/rc/clk?jk=c79e86de18a84b01&fccid=47feb0effe4ed4f2&vjs=3
주니어 웹 프론트엔드 개발자의 전체 세부 정보,키튼플래닛(주) 관심기업,용인 동천동,https://kr.indeed.com/rc/clk?jk=eb79bb3959ab0cc8&fccid=09d9cc4471502446&vjs=3
[컨설팅] MC2-TOC 본부 - 연결 회계  관리회계  그룹 경영관리  마이크로소프트 및 IT컨설턴트 채용의 전체 세부 정보,삼정 KPMG,서울 강남구,https://kr.indeed.com/rc/clk?jk=9907a65f5e6448df&fccid=7651bf7c7525e8f6&vjs=3
관계사(SVI) 가상인간  메타버스 개발 직무 경력채용의 전체 세부 정보,유진테크,용인 양지면,https://kr.indeed.com/rc/clk?jk=c74e7ba327da3997&fccid=22b4790799bddba2&vjs=3
[NHN Bugs] 세이클럽 서비스 담당 FE개발 경력의 전체 세부 정보,엔에이치엔벅스,서울 강남구,https://kr.indeed.com/rc/clk?jk=d31bb7bb82d7cf87&fccid=c735718f69fb3d0c&vjs=3
링크샵스 웹 프론트(Frontend) 개발 및 유지보수 담당의 전체 세부 정보,링크샵스,서울 중구,https://kr.indeed.com/rc/clk?jk=decec2d630da2a63&fccid=18e7053874dae63c&vjs=3
Software Engineer  App UI의 전체 세부 정보,Bear Robotics,서울,https://kr.indeed.com/rc/clk?jk=24cc19fc6fe7e45e&fccid=d7230dda285fd6ea&vjs=3
프론트엔드웹퍼블리셔의 전체 세부 정보,엠서클,서울 삼성동,https://kr.indeed.com/rc/clk?jk=fe8e7eb4cc5b4bf5&fccid=17e755bdb1dbd573&vjs=3
MKYU 풀스택 개발자의 전체 세부 정보,아트스피치앤커뮤니케이션,서울 마포구,https://kr.indeed.com/rc/clk?jk=4e8496b81a90d451&fccid=0bd6cf3d89db248b&vjs=3
업템포와 함께 혁신 만들어갈 IT 인재 프론트/백엔드  풀스택 개발자/PM의 전체 세부 정보,업템포마케터즈,서울 강남구,https://kr.indeed.com/rc/clk?jk=14db32f1c08d3dba&fccid=f089cf32a9b0721a&vjs=3
웹 퍼블리셔(웹 디자인)의 전체 세부 정보,엑스큐어넷,서울 은평구,https://kr.indeed.com/rc/clk?jk=e5a53c08508a42c7&fccid=c341d1abe92ec78a&vjs=3
풀스택 개발자의 전체 세부 정보,아트스피치앤커뮤니케이션,서울 마포구,https://kr.indeed.com/rc/clk?jk=77daad1c1f080cb1&fccid=0bd6cf3d89db248b&vjs=3
빅데이터 솔루션 개발자(경력)의 전체 세부 정보,타파크로스,서울 성동구,https://kr.indeed.com/rc/clk?jk=016623f7b0f28ef0&fccid=0139beabe666df14&vjs=3
경력 백엔드 웹개발자 모집집합니다.의 전체 세부 정보,(주)솔비트 관심기업,서울 방배동,https://kr.indeed.com/rc/clk?jk=e20a1c8dccb20e33&fccid=46207f00f6357cb5&vjs=3
[개발자] 모비데이즈 프론트엔드 개발자 경력직 채용의 전체 세부 정보,Mobidays,서울특별시,https://kr.indeed.com/rc/clk?jk=115c46e0d1df11d8&fccid=acd3976162a993e4&vjs=3
웹디자이너/프런트개발자분 (이커머스 스타트업)의 전체 세부 정보,더블아이즈,서울 용산구,https://kr.indeed.com/rc/clk?jk=9521fbf0adbf1536&fccid=77cad0bfb49173f9&vjs=3
Classic ASP 웹 개발자 채용의 전체 세부 정보,부동산114,성남 삼평동,https://kr.indeed.com/rc/clk?jk=897fc6c4b13156f9&fccid=eaa41f3ce8a287cc&vjs=3
[적극 채용] Front-end Engineer (Rocket Growth Engineering)의 전체 세부 정보,Coupang,서울,https://kr.indeed.com/rc/clk?jk=f974398e3331fdec&fccid=56e12959d04ef145&vjs=3
Staff  Back-end Engineer [DNA-Engineering]의 전체 세부 정보,Coupang,서울,https://kr.indeed.com/rc/clk?jk=aa81b81903345be8&fccid=56e12959d04ef145&vjs=3
Sibel Health] 사이벨헬스(주) 직군별 경력직 : 프론트엔드  백엔드  안드로이드  QA엔지니어의 전체 세부 정보,사이벨 헬스,서울 동대문구,https://kr.indeed.com/rc/clk?jk=c9bf9b1ae7f3e7e8&fccid=011c3b271f95ecad&vjs=3
온라인 코딩교육 스타트업 Web Full Stack 개발자 3년이상의 전체 세부 정보,그레이프 파트너즈,서울 종로구,https://kr.indeed.com/rc/clk?jk=82b2ff1b7f1200cc&fccid=e4111ad0459bc402&vjs=3
[신입/경력] (주)리우 IT개발자 채용의 전체 세부 정보,(주)리우 관심기업,서울 구로동,https://kr.indeed.com/rc/clk?jk=90abce7baa171797&fccid=e550f8f3cbcfd49b&vjs=3
[OVERDARE] Backoffice Front-end Programmer (2년 ~ 5년)의 전체 세부 정보,KRAFTON,서울,https://kr.indeed.com/rc/clk?jk=7afd395b769c0edd&fccid=71c5bb3a87fe9ecf&vjs=3
프론트엔드 개발자 (스마트프런트팀)의 전체 세부 정보,야놀자,서울 강남구,https://kr.indeed.com/rc/clk?jk=85b633432fdc315d&fccid=73fe623ec23ed0a5&vjs=3
Internal Platform Engineer의 전체 세부 정보,Match Group,서울,https://kr.indeed.com/rc/clk?jk=2ed179f85167147c&fccid=47feb0effe4ed4f2&vjs=3
AMS 사업부 R&D_Front end 엔지니어의 전체 세부 정보,Success Korea,인천 송도동,https://kr.indeed.com/rc/clk?jk=04232ea96253b7dd&fccid=d29ddc820620b02e&vjs=3
Cook II의 전체 세부 정보,Marriott International  Inc,제주도 제주,https://kr.indeed.com/rc/clk?jk=10d2b0bd6ad1ddd3&fccid=0b6c496064ecd79a&vjs=3
Vue 프론트엔드 개발 및 외주 관리자의 전체 세부 정보,부동산114,성남 삼평동,https://kr.indeed.com/rc/clk?jk=e7e9a439d93e5e8c&fccid=eaa41f3ce8a287cc&vjs=3
프론트엔드 웹 개발자의 전체 세부 정보,Success Korea,서울,https://kr.indeed.com/rc/clk?jk=685780027a5cafad&fccid=d29ddc820620b02e&vjs=3
[Engineering Div] Sr. Web Front-End Developer (5년 ~ 10년)의 전체 세부 정보,KRAFTON,서울,https://kr.indeed.com/rc/clk?jk=d5ba53cfc64f804e&fccid=71c5bb3a87fe9ecf&vjs=3
[Engineering Div] Sr. Web Front-End Developer (5년 ~ 10년)의 전체 세부 정보,KRAFTON,서울,https://kr.indeed.com/rc/clk?jk=d5ba53cfc64f804e&fccid=71c5bb3a87fe9ecf&vjs=3
